n°Record;Freq;Signal-Level [];Video Quality (0-1-2);LAT;N/S;LON;E/W;DIST GPS[Km];Speed GPS[Km/h];DISTODO[Km];Speed ODO [km/h];Date;Time ;CRC-error;EMF level [dBuV/m];Antenna K factor [dB/m];Correction [dB]
10;619500000;-;2;45.063070;N;7.678005;E;0.01;3.633034;-;-;16/06/2025;12:31:48;0;-;-;-
19;619500000;-;2;45.063058;N;7.678106;E;0.02;4.056399;-;-;16/06/2025;12:31:57;0;-;-;-
27;619500000;-;2;45.062984;N;7.678147;E;0.03;11.952079;-;-;16/06/2025;12:32:05;0;-;-;-
33;619500000;-;2;45.062972;N;7.678291;E;0.04;15.646812;-;-;16/06/2025;12:32:11;0;-;-;-
36;619500000;-;2;45.063007;N;7.678422;E;0.06;9.744078;-;-;16/06/2025;12:32:14;0;-;-;-
44;619500000;-;2;45.062956;N;7.678521;E;0.07;4.504253;-;-;16/06/2025;12:32:22;0;-;-;-
52;619500000;-;2;45.062936;N;7.678659;E;0.08;4.443137;-;-;16/06/2025;12:32:30;0;-;-;-
59;619500000;-;2;45.062908;N;7.678788;E;0.09;5.690405;-;-;16/06/2025;12:32:37;0;-;-;-
67;619500000;-;2;45.062876;N;7.678916;E;0.10;5.360012;-;-;16/06/2025;12:32:45;0;-;-;-
74;619500000;-;2;45.062840;N;7.679036;E;0.11;4.591885;-;-;16/06/2025;12:32:52;0;-;-;-
82;619500000;-;2;45.062793;N;7.679161;E;0.12;5.684620;-;-;16/06/2025;12:33:00;0;-;-;-
89;619500000;-;2;45.062757;N;7.679278;E;0.13;5.061314;-;-;16/06/2025;12:33:07;0;-;-;-
98;619500000;-;2;45.062717;N;7.679400;E;0.14;5.143029;-;-;16/06/2025;12:33:16;0;-;-;-
132;619500000;-;2;45.062679;N;7.679461;E;0.15;1.092783;-;-;16/06/2025;12:33:50;0;-;-;-
174;619500000;-;2;45.062609;N;7.679426;E;0.16;4.009713;-;-;16/06/2025;12:34:32;0;-;-;-
182;619500000;-;2;45.062558;N;7.679319;E;0.17;5.125352;-;-;16/06/2025;12:34:40;0;-;-;-
192;619500000;-;2;45.062508;N;7.679323;E;0.18;4.491216;-;-;16/06/2025;12:34:50;0;-;-;-
200;619500000;-;2;45.062495;N;7.679457;E;0.19;4.707936;-;-;16/06/2025;12:34:58;0;-;-;-
206;619500000;-;2;45.062442;N;7.679560;E;0.20;9.530059;-;-;16/06/2025;12:35:04;0;-;-;-
212;619500000;-;2;45.062368;N;7.679653;E;0.21;6.945027;-;-;16/06/2025;12:35:10;0;-;-;-
218;619500000;-;2;45.062295;N;7.679751;E;0.23;7.001447;-;-;16/06/2025;12:35:16;0;-;-;-
224;619500000;-;2;45.062241;N;7.679854;E;0.24;5.250325;-;-;16/06/2025;12:35:22;0;-;-;-
232;619500000;-;2;45.062202;N;7.679979;E;0.25;6.176942;-;-;16/06/2025;12:35:30;0;-;-;-
238;619500000;-;2;45.062192;N;7.680106;E;0.26;5.617438;-;-;16/06/2025;12:35:36;0;-;-;-
245;619500000;-;2;45.062139;N;7.680211;E;0.27;6.295578;-;-;16/06/2025;12:35:43;0;-;-;-
252;619500000;-;2;45.062099;N;7.680340;E;0.28;5.901710;-;-;16/06/2025;12:35:50;0;-;-;-
259;619500000;-;2;45.062066;N;7.680464;E;0.29;4.881410;-;-;16/06/2025;12:35:57;0;-;-;-
266;619500000;-;2;45.062031;N;7.680584;E;0.30;4.843002;-;-;16/06/2025;12:36:04;0;-;-;-
274;619500000;-;2;45.061973;N;7.680695;E;0.31;4.999621;-;-;16/06/2025;12:36:12;0;-;-;-
281;619500000;-;2;45.061940;N;7.680826;E;0.32;6.515593;-;-;16/06/2025;12:36:19;0;-;-;-
288;619500000;-;2;45.061926;N;7.680931;E;0.33;5.597840;-;-;16/06/2025;12:36:26;0;-;-;-
295;619500000;-;2;45.061888;N;7.681049;E;0.34;6.148996;-;-;16/06/2025;12:36:33;0;-;-;-
302;619500000;-;2;45.061871;N;7.681177;E;0.35;5.215271;-;-;16/06/2025;12:36:40;0;-;-;-
309;619500000;-;2;45.061863;N;7.681315;E;0.36;5.799522;-;-;16/06/2025;12:36:47;0;-;-;-
316;619500000;-;2;45.061830;N;7.681446;E;0.38;5.558616;-;-;16/06/2025;12:36:54;0;-;-;-
323;619500000;-;2;45.061792;N;7.681560;E;0.39;5.790597;-;-;16/06/2025;12:37:01;0;-;-;-
330;619500000;-;2;45.061760;N;7.681692;E;0.40;5.842557;-;-;16/06/2025;12:37:08;0;-;-;-
337;619500000;-;2;45.061729;N;7.681815;E;0.41;5.108373;-;-;16/06/2025;12:37:15;0;-;-;-
344;619500000;-;2;45.061682;N;7.681941;E;0.42;6.023454;-;-;16/06/2025;12:37:22;0;-;-;-
351;619500000;-;2;45.061642;N;7.682053;E;0.43;5.101001;-;-;16/06/2025;12:37:29;0;-;-;-
358;619500000;-;2;45.061597;N;7.682183;E;0.44;6.217527;-;-;16/06/2025;12:37:36;0;-;-;-
365;619500000;-;2;45.061540;N;7.682282;E;0.45;4.885737;-;-;16/06/2025;12:37:43;0;-;-;-
372;619500000;-;2;45.061493;N;7.682411;E;0.46;5.885422;-;-;16/06/2025;12:37:50;0;-;-;-
379;619500000;-;2;45.061432;N;7.682515;E;0.47;5.548629;-;-;16/06/2025;12:37:57;0;-;-;-
386;619500000;-;2;45.061363;N;7.682611;E;0.49;6.218010;-;-;16/06/2025;12:38:04;0;-;-;-
393;619500000;-;2;45.061324;N;7.682719;E;0.50;5.193541;-;-;16/06/2025;12:38:11;0;-;-;-
399;619500000;-;2;45.061302;N;7.682836;E;0.51;5.603781;-;-;16/06/2025;12:38:17;0;-;-;-
407;619500000;-;2;45.061270;N;7.682960;E;0.52;4.485788;-;-;16/06/2025;12:38:25;0;-;-;-
413;619500000;-;2;45.061241;N;7.683077;E;0.53;6.121201;-;-;16/06/2025;12:38:31;0;-;-;-
420;619500000;-;2;45.061209;N;7.683198;E;0.54;5.650614;-;-;16/06/2025;12:38:38;0;-;-;-
427;619500000;-;2;45.061162;N;7.683323;E;0.55;5.468273;-;-;16/06/2025;12:38:45;0;-;-;-
434;619500000;-;2;45.061136;N;7.683451;E;0.56;5.823273;-;-;16/06/2025;12:38:52;0;-;-;-
441;619500000;-;2;45.061089;N;7.683573;E;0.57;5.610196;-;-;16/06/2025;12:38:59;0;-;-;-
448;619500000;-;2;45.061017;N;7.683674;E;0.58;7.344148;-;-;16/06/2025;12:39:06;0;-;-;-
455;619500000;-;2;45.060962;N;7.683791;E;0.59;5.263054;-;-;16/06/2025;12:39:13;0;-;-;-
463;619500000;-;2;45.060919;N;7.683920;E;0.60;5.157367;-;-;16/06/2025;12:39:21;0;-;-;-
470;619500000;-;2;45.060884;N;7.684050;E;0.62;5.676301;-;-;16/06/2025;12:39:28;0;-;-;-
478;619500000;-;2;45.060841;N;7.684180;E;0.63;5.624421;-;-;16/06/2025;12:39:36;0;-;-;-
485;619500000;-;2;45.060806;N;7.684315;E;0.64;5.572677;-;-;16/06/2025;12:39:43;0;-;-;-
493;619500000;-;2;45.060764;N;7.684446;E;0.65;5.645960;-;-;16/06/2025;12:39:51;0;-;-;-
500;619500000;-;2;45.060723;N;7.684571;E;0.66;5.675693;-;-;16/06/2025;12:39:58;0;-;-;-
511;619500000;-;2;45.060679;N;7.684673;E;0.67;1.448546;-;-;16/06/2025;12:40:09;0;-;-;-
553;619500000;-;2;45.060612;N;7.684727;E;0.68;3.390546;-;-;16/06/2025;12:40:51;0;-;-;-
560;619500000;-;2;45.060576;N;7.684845;E;0.69;5.316648;-;-;16/06/2025;12:40:58;0;-;-;-
567;619500000;-;2;45.060524;N;7.684961;E;0.70;5.655240;-;-;16/06/2025;12:41:05;0;-;-;-
574;619500000;-;2;45.060477;N;7.685077;E;0.71;4.747050;-;-;16/06/2025;12:41:12;0;-;-;-
581;619500000;-;2;45.060444;N;7.685196;E;0.72;5.489592;-;-;16/06/2025;12:41:19;0;-;-;-
588;619500000;-;2;45.060404;N;7.685321;E;0.73;5.392764;-;-;16/06/2025;12:41:26;0;-;-;-
596;619500000;-;2;45.060348;N;7.685437;E;0.74;5.354636;-;-;16/06/2025;12:41:34;0;-;-;-
603;619500000;-;2;45.060299;N;7.685560;E;0.76;6.319319;-;-;16/06/2025;12:41:41;0;-;-;-
610;619500000;-;2;45.060256;N;7.685687;E;0.77;5.479500;-;-;16/06/2025;12:41:48;0;-;-;-
617;619500000;-;2;45.060208;N;7.685804;E;0.78;6.811489;-;-;16/06/2025;12:41:55;0;-;-;-
623;619500000;-;2;45.060133;N;7.685909;E;0.79;9.765982;-;-;16/06/2025;12:42:01;0;-;-;-
629;619500000;-;2;45.060107;N;7.686026;E;0.80;5.911638;-;-;16/06/2025;12:42:07;0;-;-;-
635;619500000;-;2;45.060054;N;7.686133;E;0.81;6.221137;-;-;16/06/2025;12:42:13;0;-;-;-
642;619500000;-;2;45.060004;N;7.686251;E;0.82;6.660411;-;-;16/06/2025;12:42:20;0;-;-;-
648;619500000;-;2;45.059938;N;7.686336;E;0.83;5.878872;-;-;16/06/2025;12:42:26;0;-;-;-
655;619500000;-;2;45.059866;N;7.686435;E;0.84;6.845344;-;-;16/06/2025;12:42:33;0;-;-;-
661;619500000;-;2;45.059847;N;7.686551;E;0.86;5.107242;-;-;16/06/2025;12:42:39;0;-;-;-
668;619500000;-;2;45.059796;N;7.686663;E;0.87;6.920256;-;-;16/06/2025;12:42:46;0;-;-;-
674;619500000;-;2;45.059732;N;7.686746;E;0.88;5.447173;-;-;16/06/2025;12:42:52;0;-;-;-
680;619500000;-;2;45.059689;N;7.686854;E;0.89;6.367143;-;-;16/06/2025;12:42:58;0;-;-;-
686;619500000;-;2;45.059641;N;7.686962;E;0.90;5.692703;-;-;16/06/2025;12:43:04;0;-;-;-
693;619500000;-;2;45.059605;N;7.687084;E;0.91;6.744517;-;-;16/06/2025;12:43:11;0;-;-;-
699;619500000;-;2;45.059554;N;7.687184;E;0.92;5.796896;-;-;16/06/2025;12:43:17;0;-;-;-
705;619500000;-;2;45.059547;N;7.687305;E;0.93;5.452323;-;-;16/06/2025;12:43:23;0;-;-;-
712;619500000;-;2;45.059510;N;7.687432;E;0.94;5.562926;-;-;16/06/2025;12:43:30;0;-;-;-
719;619500000;-;2;45.059504;N;7.687559;E;0.95;4.577564;-;-;16/06/2025;12:43:37;0;-;-;-
725;619500000;-;2;45.059440;N;7.687638;E;0.96;9.094168;-;-;16/06/2025;12:43:43;0;-;-;-
749;619500000;-;2;45.059352;N;7.687655;E;0.97;5.201244;-;-;16/06/2025;12:44:07;0;-;-;-
760;619500000;-;2;45.059303;N;7.687763;E;0.98;1.182733;-;-;16/06/2025;12:44:18;0;-;-;-
780;619500000;-;2;45.059253;N;7.687843;E;0.99;5.102420;-;-;16/06/2025;12:44:38;0;-;-;-
788;619500000;-;2;45.059204;N;7.687968;E;1.01;4.740404;-;-;16/06/2025;12:44:46;0;-;-;-
795;619500000;-;2;45.059141;N;7.688067;E;1.02;5.548079;-;-;16/06/2025;12:44:53;0;-;-;-
803;619500000;-;2;45.059073;N;7.688175;E;1.03;5.365598;-;-;16/06/2025;12:45:01;0;-;-;-
810;619500000;-;2;45.059025;N;7.688286;E;1.04;5.311686;-;-;16/06/2025;12:45:08;0;-;-;-
818;619500000;-;2;45.058992;N;7.688421;E;1.05;5.343916;-;-;16/06/2025;12:45:16;0;-;-;-
826;619500000;-;2;45.058966;N;7.688557;E;1.06;5.182239;-;-;16/06/2025;12:45:24;0;-;-;-
833;619500000;-;2;45.058938;N;7.688682;E;1.07;4.802010;-;-;16/06/2025;12:45:31;0;-;-;-
840;619500000;-;2;45.058907;N;7.688804;E;1.08;5.615806;-;-;16/06/2025;12:45:38;0;-;-;-
848;619500000;-;2;45.058870;N;7.688936;E;1.09;4.695465;-;-;16/06/2025;12:45:46;0;-;-;-
855;619500000;-;2;45.058830;N;7.689058;E;1.10;5.553058;-;-;16/06/2025;12:45:53;0;-;-;-
863;619500000;-;2;45.058795;N;7.689176;E;1.11;4.969802;-;-;16/06/2025;12:46:01;0;-;-;-
870;619500000;-;2;45.058756;N;7.689291;E;1.12;5.054762;-;-;16/06/2025;12:46:08;0;-;-;-
877;619500000;-;2;45.058706;N;7.689409;E;1.13;5.640331;-;-;16/06/2025;12:46:15;0;-;-;-
884;619500000;-;2;45.058656;N;7.689523;E;1.14;5.254302;-;-;16/06/2025;12:46:22;0;-;-;-
891;619500000;-;2;45.058604;N;7.689638;E;1.15;5.376668;-;-;16/06/2025;12:46:29;0;-;-;-
898;619500000;-;2;45.058535;N;7.689740;E;1.17;5.376537;-;-;16/06/2025;12:46:36;0;-;-;-
905;619500000;-;2;45.058462;N;7.689827;E;1.18;5.850729;-;-;16/06/2025;12:46:43;0;-;-;-
912;619500000;-;2;45.058376;N;7.689898;E;1.19;5.771103;-;-;16/06/2025;12:46:50;0;-;-;-
920;619500000;-;2;45.058298;N;7.689984;E;1.20;4.764249;-;-;16/06/2025;12:46:58;0;-;-;-
927;619500000;-;2;45.058218;N;7.690060;E;1.21;6.838546;-;-;16/06/2025;12:47:05;0;-;-;-
934;619500000;-;2;45.058159;N;7.690169;E;1.22;5.366055;-;-;16/06/2025;12:47:12;0;-;-;-
941;619500000;-;2;45.058146;N;7.690311;E;1.23;5.500593;-;-;16/06/2025;12:47:19;0;-;-;-
949;619500000;-;2;45.058149;N;7.690455;E;1.24;5.919579;-;-;16/06/2025;12:47:27;0;-;-;-
956;619500000;-;2;45.058172;N;7.690595;E;1.25;5.724582;-;-;16/06/2025;12:47:34;0;-;-;-
964;619500000;-;2;45.058210;N;7.690728;E;1.27;5.707518;-;-;16/06/2025;12:47:42;0;-;-;-
970;619500000;-;2;45.058264;N;7.690834;E;1.28;6.693162;-;-;16/06/2025;12:47:48;0;-;-;-
976;619500000;-;2;45.058341;N;7.690923;E;1.29;7.951081;-;-;16/06/2025;12:47:54;0;-;-;-
980;619500000;-;2;45.058437;N;7.690993;E;1.30;11.346478;-;-;16/06/2025;12:47:58;0;-;-;-
986;619500000;-;2;45.058523;N;7.691017;E;1.31;4.700175;-;-;16/06/2025;12:48:04;0;-;-;-
993;619500000;-;2;45.058607;N;7.691015;E;1.32;5.521872;-;-;16/06/2025;12:48:11;0;-;-;-
1000;619500000;-;2;45.058693;N;7.691089;E;1.33;5.585908;-;-;16/06/2025;12:48:18;0;-;-;-
1007;619500000;-;2;45.058773;N;7.691153;E;1.34;5.531468;-;-;16/06/2025;12:48:25;0;-;-;-
1015;619500000;-;2;45.058853;N;7.691221;E;1.35;5.758176;-;-;16/06/2025;12:48:33;0;-;-;-
1022;619500000;-;2;45.058932;N;7.691287;E;1.36;5.479749;-;-;16/06/2025;12:48:40;0;-;-;-
1029;619500000;-;2;45.059015;N;7.691355;E;1.37;5.531983;-;-;16/06/2025;12:48:47;0;-;-;-
1035;619500000;-;2;45.059096;N;7.691412;E;1.38;5.420072;-;-;16/06/2025;12:48:53;0;-;-;-
1041;619500000;-;2;45.059176;N;7.691476;E;1.39;6.269866;-;-;16/06/2025;12:48:59;0;-;-;-
1048;619500000;-;2;45.059260;N;7.691527;E;1.40;3.652727;-;-;16/06/2025;12:49:06;0;-;-;-
1056;619500000;-;2;45.059333;N;7.691611;E;1.41;5.070034;-;-;16/06/2025;12:49:14;0;-;-;-
1063;619500000;-;2;45.059420;N;7.691673;E;1.42;5.339051;-;-;16/06/2025;12:49:21;0;-;-;-
1070;619500000;-;2;45.059503;N;7.691740;E;1.43;5.155414;-;-;16/06/2025;12:49:28;0;-;-;-
1077;619500000;-;2;45.059585;N;7.691808;E;1.45;5.713144;-;-;16/06/2025;12:49:35;0;-;-;-
1084;619500000;-;2;45.059662;N;7.691885;E;1.46;4.099237;-;-;16/06/2025;12:49:42;0;-;-;-
1091;619500000;-;2;45.059751;N;7.691955;E;1.47;6.192607;-;-;16/06/2025;12:49:49;0;-;-;-
1098;619500000;-;2;45.059834;N;7.692023;E;1.48;4.582655;-;-;16/06/2025;12:49:56;0;-;-;-
1105;619500000;-;2;45.059912;N;7.692091;E;1.49;6.161737;-;-;16/06/2025;12:50:03;0;-;-;-
1112;619500000;-;2;45.059981;N;7.692191;E;1.50;5.677861;-;-;16/06/2025;12:50:10;0;-;-;-
1119;619500000;-;2;45.060051;N;7.692291;E;1.51;6.001715;-;-;16/06/2025;12:50:17;0;-;-;-
1126;619500000;-;2;45.060128;N;7.692389;E;1.52;5.752068;-;-;16/06/2025;12:50:24;0;-;-;-
1133;619500000;-;2;45.060196;N;7.692488;E;1.53;5.653171;-;-;16/06/2025;12:50:31;0;-;-;-
1140;619500000;-;2;45.060275;N;7.692577;E;1.54;5.731562;-;-;16/06/2025;12:50:38;0;-;-;-
1147;619500000;-;2;45.060351;N;7.692659;E;1.55;5.273539;-;-;16/06/2025;12:50:45;0;-;-;-
1154;619500000;-;2;45.060437;N;7.692729;E;1.57;5.725813;-;-;16/06/2025;12:50:52;0;-;-;-
1161;619500000;-;2;45.060519;N;7.692806;E;1.58;5.403642;-;-;16/06/2025;12:50:59;0;-;-;-
1168;619500000;-;2;45.060600;N;7.692874;E;1.59;5.547510;-;-;16/06/2025;12:51:06;0;-;-;-
1175;619500000;-;2;45.060683;N;7.692948;E;1.60;5.387649;-;-;16/06/2025;12:51:13;0;-;-;-
1182;619500000;-;2;45.060767;N;7.693020;E;1.61;5.955059;-;-;16/06/2025;12:51:20;0;-;-;-
1189;619500000;-;2;45.060851;N;7.693099;E;1.62;5.744990;-;-;16/06/2025;12:51:27;0;-;-;-
1196;619500000;-;2;45.060930;N;7.693169;E;1.63;5.414641;-;-;16/06/2025;12:51:34;0;-;-;-
1203;619500000;-;2;45.061014;N;7.693247;E;1.64;5.991181;-;-;16/06/2025;12:51:41;0;-;-;-
1210;619500000;-;2;45.061091;N;7.693329;E;1.65;5.511243;-;-;16/06/2025;12:51:48;0;-;-;-
1217;619500000;-;2;45.061173;N;7.693404;E;1.66;5.578233;-;-;16/06/2025;12:51:55;0;-;-;-
1224;619500000;-;2;45.061249;N;7.693481;E;1.67;5.232546;-;-;16/06/2025;12:52:02;0;-;-;-
1231;619500000;-;2;45.061326;N;7.693563;E;1.68;5.782632;-;-;16/06/2025;12:52:09;0;-;-;-
1238;619500000;-;2;45.061405;N;7.693641;E;1.70;5.332646;-;-;16/06/2025;12:52:16;0;-;-;-
1245;619500000;-;2;45.061487;N;7.693722;E;1.71;5.535885;-;-;16/06/2025;12:52:23;0;-;-;-
1252;619500000;-;2;45.061563;N;7.693800;E;1.72;5.205641;-;-;16/06/2025;12:52:30;0;-;-;-
1259;619500000;-;2;45.061642;N;7.693880;E;1.73;5.765387;-;-;16/06/2025;12:52:37;0;-;-;-
1266;619500000;-;2;45.061720;N;7.693962;E;1.74;5.499829;-;-;16/06/2025;12:52:44;0;-;-;-
1273;619500000;-;2;45.061799;N;7.694047;E;1.75;5.854230;-;-;16/06/2025;12:52:51;0;-;-;-
1280;619500000;-;2;45.061876;N;7.694132;E;1.76;5.430815;-;-;16/06/2025;12:52:58;0;-;-;-
1287;619500000;-;2;45.061953;N;7.694213;E;1.77;5.489923;-;-;16/06/2025;12:53:05;0;-;-;-
1294;619500000;-;2;45.062030;N;7.694297;E;1.78;5.521872;-;-;16/06/2025;12:53:12;0;-;-;-
1301;619500000;-;2;45.062106;N;7.694380;E;1.79;5.419964;-;-;16/06/2025;12:53:19;0;-;-;-
1308;619500000;-;2;45.062184;N;7.694465;E;1.80;5.759171;-;-;16/06/2025;12:53:26;0;-;-;-
1315;619500000;-;2;45.062259;N;7.694553;E;1.81;5.371410;-;-;16/06/2025;12:53:33;0;-;-;-
1322;619500000;-;2;45.062337;N;7.694633;E;1.83;5.808850;-;-;16/06/2025;12:53:40;0;-;-;-
1329;619500000;-;2;45.062411;N;7.694720;E;1.84;5.223519;-;-;16/06/2025;12:53:47;0;-;-;-
1336;619500000;-;2;45.062485;N;7.694811;E;1.85;5.929462;-;-;16/06/2025;12:53:54;0;-;-;-
1343;619500000;-;2;45.062562;N;7.694898;E;1.86;5.765326;-;-;16/06/2025;12:54:01;0;-;-;-
1350;619500000;-;2;45.062636;N;7.694985;E;1.87;5.715542;-;-;16/06/2025;12:54:08;0;-;-;-
1357;619500000;-;2;45.062717;N;7.695070;E;1.88;5.572677;-;-;16/06/2025;12:54:15;0;-;-;-
1364;619500000;-;2;45.062790;N;7.695162;E;1.89;5.637471;-;-;16/06/2025;12:54:22;0;-;-;-
1371;619500000;-;2;45.062866;N;7.695253;E;1.90;6.038014;-;-;16/06/2025;12:54:29;0;-;-;-
1378;619500000;-;2;45.062939;N;7.695340;E;1.91;4.913012;-;-;16/06/2025;12:54:36;0;-;-;-
1385;619500000;-;2;45.063012;N;7.695432;E;1.92;5.797197;-;-;16/06/2025;12:54:43;0;-;-;-
1392;619500000;-;2;45.063085;N;7.695526;E;1.93;5.871828;-;-;16/06/2025;12:54:50;0;-;-;-
1399;619500000;-;2;45.063155;N;7.695617;E;1.94;5.419964;-;-;16/06/2025;12:54:57;0;-;-;-
1406;619500000;-;2;45.063223;N;7.695713;E;1.96;5.327621;-;-;16/06/2025;12:55:04;0;-;-;-
1413;619500000;-;2;45.063288;N;7.695813;E;1.97;5.250935;-;-;16/06/2025;12:55:11;0;-;-;-
1420;619500000;-;2;45.063359;N;7.695905;E;1.98;5.239190;-;-;16/06/2025;12:55:18;0;-;-;-
1427;619500000;-;2;45.063426;N;7.695992;E;1.99;5.371410;-;-;16/06/2025;12:55:25;0;-;-;-
1434;619500000;-;2;45.063501;N;7.696086;E;2.00;6.214523;-;-;16/06/2025;12:55:32;0;-;-;-
1441;619500000;-;2;45.063572;N;7.696170;E;2.01;4.952675;-;-;16/06/2025;12:55:39;0;-;-;-
1448;619500000;-;2;45.063641;N;7.696252;E;2.02;5.097312;-;-;16/06/2025;12:55:46;0;-;-;-
1456;619500000;-;2;45.063708;N;7.696344;E;2.03;5.489592;-;-;16/06/2025;12:55:54;0;-;-;-
1465;619500000;-;2;45.063778;N;7.696431;E;2.04;4.456547;-;-;16/06/2025;12:56:03;0;-;-;-
1473;619500000;-;2;45.063850;N;7.696530;E;2.05;5.344740;-;-;16/06/2025;12:56:11;0;-;-;-
1481;619500000;-;2;45.063936;N;7.696478;E;2.06;5.349708;-;-;16/06/2025;12:56:19;0;-;-;-
1489;619500000;-;2;45.064008;N;7.696388;E;2.07;5.213124;-;-;16/06/2025;12:56:27;0;-;-;-
1497;619500000;-;2;45.064075;N;7.696283;E;2.08;4.828452;-;-;16/06/2025;12:56:35;0;-;-;-
1504;619500000;-;2;45.064138;N;7.696185;E;2.09;5.532481;-;-;16/06/2025;12:56:42;0;-;-;-
1512;619500000;-;2;45.064206;N;7.696083;E;2.10;5.152267;-;-;16/06/2025;12:56:50;0;-;-;-
1520;619500000;-;2;45.064276;N;7.695978;E;2.12;5.102420;-;-;16/06/2025;12:56:58;0;-;-;-
1528;619500000;-;2;45.064357;N;7.695990;E;2.13;4.881410;-;-;16/06/2025;12:57:06;0;-;-;-
1535;619500000;-;2;45.064449;N;7.696048;E;2.14;5.371667;-;-;16/06/2025;12:57:13;0;-;-;-
1543;619500000;-;2;45.064526;N;7.696133;E;2.15;4.869015;-;-;16/06/2025;12:57:21;0;-;-;-
1550;619500000;-;2;45.064594;N;7.696219;E;2.16;5.626196;-;-;16/06/2025;12:57:28;0;-;-;-
1557;619500000;-;2;45.064668;N;7.696302;E;2.17;5.419964;-;-;16/06/2025;12:57:35;0;-;-;-
1564;619500000;-;2;45.064753;N;7.696345;E;2.18;4.947728;-;-;16/06/2025;12:57:42;0;-;-;-
1571;619500000;-;2;45.064819;N;7.696256;E;2.19;4.720375;-;-;16/06/2025;12:57:49;0;-;-;-
1580;619500000;-;2;45.064889;N;7.696156;E;2.20;4.372382;-;-;16/06/2025;12:57:58;0;-;-;-
1588;619500000;-;2;45.064951;N;7.696063;E;2.21;4.619930;-;-;16/06/2025;12:58:06;0;-;-;-
1596;619500000;-;2;45.065011;N;7.695953;E;2.22;5.288391;-;-;16/06/2025;12:58:14;0;-;-;-
1604;619500000;-;2;45.065077;N;7.695844;E;2.23;4.915111;-;-;16/06/2025;12:58:22;0;-;-;-
1612;619500000;-;2;45.065144;N;7.695734;E;2.24;5.032996;-;-;16/06/2025;12:58:30;0;-;-;-
1619;619500000;-;2;45.065201;N;7.695635;E;2.25;5.250325;-;-;16/06/2025;12:58:37;0;-;-;-
1626;619500000;-;2;45.065261;N;7.695539;E;2.26;5.638359;-;-;16/06/2025;12:58:44;0;-;-;-
1633;619500000;-;2;45.065323;N;7.695440;E;2.27;5.366055;-;-;16/06/2025;12:58:51;0;-;-;-
1640;619500000;-;2;45.065402;N;7.695383;E;2.29;4.876534;-;-;16/06/2025;12:58:58;0;-;-;-
1647;619500000;-;2;45.065488;N;7.695356;E;2.30;5.994237;-;-;16/06/2025;12:59:05;0;-;-;-
1657;619500000;-;2;45.065542;N;7.695259;E;2.31;5.995725;-;-;16/06/2025;12:59:15;0;-;-;-
1663;619500000;-;2;45.065541;N;7.695140;E;2.32;12.686880;-;-;16/06/2025;12:59:21;0;-;-;-
1671;619500000;-;2;45.065584;N;7.695028;E;2.33;6.106794;-;-;16/06/2025;12:59:29;0;-;-;-
1679;619500000;-;2;45.065607;N;7.694901;E;2.34;4.690765;-;-;16/06/2025;12:59:37;0;-;-;-
1686;619500000;-;2;45.065640;N;7.694779;E;2.35;5.996471;-;-;16/06/2025;12:59:44;0;-;-;-
1693;619500000;-;2;45.065677;N;7.694668;E;2.36;4.736582;-;-;16/06/2025;12:59:51;0;-;-;-
1700;619500000;-;2;45.065756;N;7.694659;E;2.37;9.074754;-;-;16/06/2025;12:59:58;0;-;-;-
1704;619500000;-;2;45.065843;N;7.694751;E;2.39;16.451437;-;-;16/06/2025;13:00:02;0;-;-;-
1711;619500000;-;2;45.065902;N;7.694686;E;2.40;7.792876;-;-;16/06/2025;13:00:09;0;-;-;-
1720;619500000;-;2;45.065973;N;7.694623;E;2.41;2.264762;-;-;16/06/2025;13:00:18;0;-;-;-
1730;619500000;-;2;45.065994;N;7.694524;E;2.42;8.238692;-;-;16/06/2025;13:00:28;0;-;-;-
1734;619500000;-;2;45.065967;N;7.694463;E;2.43;25.701486;-;-;16/06/2025;13:00:32;0;-;-;-
1742;619500000;-;2;45.065946;N;7.694367;E;2.44;7.418965;-;-;16/06/2025;13:00:40;0;-;-;-
1749;619500000;-;2;45.065879;N;7.694287;E;2.45;2.397164;-;-;16/06/2025;13:00:47;0;-;-;-
1756;619500000;-;2;45.065828;N;7.694203;E;2.46;6.567016;-;-;16/06/2025;13:00:54;0;-;-;-
1765;619500000;-;2;45.065831;N;7.694086;E;2.47;3.914860;-;-;16/06/2025;13:01:03;0;-;-;-
1772;619500000;-;2;45.065794;N;7.693967;E;2.48;5.600569;-;-;16/06/2025;13:01:10;0;-;-;-
1778;619500000;-;2;45.065846;N;7.693871;E;2.49;1.647294;-;-;16/06/2025;13:01:16;0;-;-;-
1784;619500000;-;2;45.065914;N;7.693760;E;2.50;10.321139;-;-;16/06/2025;13:01:22;0;-;-;-
1788;619500000;-;2;45.065973;N;7.693654;E;2.51;7.266881;-;-;16/06/2025;13:01:26;0;-;-;-
1793;619500000;-;2;45.066031;N;7.693557;E;2.52;5.850729;-;-;16/06/2025;13:01:31;0;-;-;-
1799;619500000;-;2;45.066093;N;7.693472;E;2.54;13.932854;-;-;16/06/2025;13:01:37;0;-;-;-
1802;619500000;-;2;45.066160;N;7.693360;E;2.55;17.084934;-;-;16/06/2025;13:01:40;0;-;-;-
1806;619500000;-;2;45.066220;N;7.693222;E;2.56;11.160612;-;-;16/06/2025;13:01:44;0;-;-;-
1811;619500000;-;2;45.066290;N;7.693113;E;2.57;7.952845;-;-;16/06/2025;13:01:49;0;-;-;-
1817;619500000;-;2;45.066347;N;7.692997;E;2.58;6.543143;-;-;16/06/2025;13:01:55;0;-;-;-
1823;619500000;-;2;45.066402;N;7.692886;E;2.59;6.489583;-;-;16/06/2025;13:02:01;0;-;-;-
1829;619500000;-;2;45.066460;N;7.692789;E;2.60;5.847190;-;-;16/06/2025;13:02:07;0;-;-;-
1836;619500000;-;2;45.066519;N;7.692680;E;2.62;6.485994;-;-;16/06/2025;13:02:14;0;-;-;-
1841;619500000;-;2;45.066586;N;7.692642;E;2.63;18.793924;-;-;16/06/2025;13:02:19;0;-;-;-
1847;619500000;-;2;45.066666;N;7.692699;E;2.64;4.249204;-;-;16/06/2025;13:02:25;0;-;-;-
1860;619500000;-;2;45.066706;N;7.692628;E;2.65;4.869431;-;-;16/06/2025;13:02:38;0;-;-;-
1865;619500000;-;2;45.066748;N;7.692510;E;2.66;7.657413;-;-;16/06/2025;13:02:43;0;-;-;-
1871;619500000;-;2;45.066800;N;7.692385;E;2.67;6.483113;-;-;16/06/2025;13:02:49;0;-;-;-
1877;619500000;-;2;45.066840;N;7.692262;E;2.68;5.640331;-;-;16/06/2025;13:02:55;0;-;-;-
1884;619500000;-;2;45.066898;N;7.692151;E;2.69;5.941404;-;-;16/06/2025;13:03:02;0;-;-;-
1890;619500000;-;2;45.066948;N;7.692053;E;2.70;7.944257;-;-;16/06/2025;13:03:08;0;-;-;-
1896;619500000;-;2;45.066967;N;7.691928;E;2.71;5.084478;-;-;16/06/2025;13:03:14;0;-;-;-
1903;619500000;-;2;45.067028;N;7.691820;E;2.72;6.177310;-;-;16/06/2025;13:03:21;0;-;-;-
1909;619500000;-;2;45.067089;N;7.691735;E;2.73;5.066880;-;-;16/06/2025;13:03:27;0;-;-;-
1915;619500000;-;2;45.067145;N;7.691633;E;2.74;6.627109;-;-;16/06/2025;13:03:33;0;-;-;-
1922;619500000;-;2;45.067205;N;7.691532;E;2.76;5.885869;-;-;16/06/2025;13:03:40;0;-;-;-
1929;619500000;-;2;45.067285;N;7.691518;E;2.77;1.675986;-;-;16/06/2025;13:03:47;0;-;-;-
1936;619500000;-;2;45.067363;N;7.691577;E;2.78;3.743871;-;-;16/06/2025;13:03:54;0;-;-;-
1944;619500000;-;2;45.067450;N;7.691641;E;2.79;5.053249;-;-;16/06/2025;13:04:02;0;-;-;-
1951;619500000;-;2;45.067531;N;7.691709;E;2.80;5.551845;-;-;16/06/2025;13:04:09;0;-;-;-
1960;619500000;-;2;45.067613;N;7.691771;E;2.81;3.135260;-;-;16/06/2025;13:04:18;0;-;-;-
1968;619500000;-;2;45.067699;N;7.691837;E;2.82;4.548444;-;-;16/06/2025;13:04:26;0;-;-;-
1977;619500000;-;2;45.067791;N;7.691901;E;2.83;6.094580;-;-;16/06/2025;13:04:35;0;-;-;-
1986;619500000;-;2;45.067872;N;7.691980;E;2.84;4.700175;-;-;16/06/2025;13:04:44;0;-;-;-
1995;619500000;-;2;45.067946;N;7.692052;E;2.85;4.291654;-;-;16/06/2025;13:04:53;0;-;-;-
2002;619500000;-;2;45.068030;N;7.692107;E;2.86;7.289415;-;-;16/06/2025;13:05:00;0;-;-;-
2007;619500000;-;2;45.068128;N;7.692121;E;2.87;12.025518;-;-;16/06/2025;13:05:05;0;-;-;-
2015;619500000;-;2;45.068226;N;7.692154;E;2.88;6.003992;-;-;16/06/2025;13:05:13;0;-;-;-
2024;619500000;-;2;45.068306;N;7.692206;E;2.89;2.578176;-;-;16/06/2025;13:05:22;0;-;-;-
2032;619500000;-;2;45.068391;N;7.692287;E;2.91;6.769668;-;-;16/06/2025;13:05:30;0;-;-;-
2038;619500000;-;2;45.068478;N;7.692341;E;2.92;5.420094;-;-;16/06/2025;13:05:36;0;-;-;-
2044;619500000;-;2;45.068549;N;7.692422;E;2.93;6.292888;-;-;16/06/2025;13:05:42;0;-;-;-
2049;619500000;-;2;45.068639;N;7.692481;E;2.94;6.633343;-;-;16/06/2025;13:05:47;0;-;-;-
2054;619500000;-;2;45.068726;N;7.692552;E;2.95;10.988691;-;-;16/06/2025;13:05:52;0;-;-;-
2060;619500000;-;2;45.068809;N;7.692634;E;2.96;8.036978;-;-;16/06/2025;13:05:58;0;-;-;-
2066;619500000;-;2;45.068886;N;7.692705;E;2.97;7.626659;-;-;16/06/2025;13:06:04;0;-;-;-
2073;619500000;-;2;45.068959;N;7.692781;E;2.98;5.104891;-;-;16/06/2025;13:06:11;0;-;-;-
2080;619500000;-;2;45.069041;N;7.692853;E;2.99;4.813903;-;-;16/06/2025;13:06:18;0;-;-;-
2087;619500000;-;2;45.069109;N;7.692931;E;3.00;5.007615;-;-;16/06/2025;13:06:25;0;-;-;-
2094;619500000;-;2;45.069199;N;7.692996;E;3.01;6.258538;-;-;16/06/2025;13:06:32;0;-;-;-
2100;619500000;-;2;45.069284;N;7.693039;E;3.02;4.590895;-;-;16/06/2025;13:06:38;0;-;-;-
2107;619500000;-;2;45.069376;N;7.693087;E;3.03;4.921185;-;-;16/06/2025;13:06:45;0;-;-;-
2117;619500000;-;2;45.069468;N;7.693156;E;3.05;6.518833;-;-;16/06/2025;13:06:55;0;-;-;-
2126;619500000;-;2;45.069561;N;7.693229;E;3.06;9.580693;-;-;16/06/2025;13:07:04;0;-;-;-
2132;619500000;-;2;45.069656;N;7.693309;E;3.07;10.398367;-;-;16/06/2025;13:07:10;0;-;-;-
2137;619500000;-;2;45.069740;N;7.693377;E;3.08;6.768500;-;-;16/06/2025;13:07:15;0;-;-;-
2143;619500000;-;2;45.069814;N;7.693455;E;3.09;9.097568;-;-;16/06/2025;13:07:21;0;-;-;-
2148;619500000;-;2;45.069908;N;7.693534;E;3.10;10.707969;-;-;16/06/2025;13:07:26;0;-;-;-
2152;619500000;-;2;45.069993;N;7.693582;E;3.11;9.726861;-;-;16/06/2025;13:07:30;0;-;-;-
2158;619500000;-;2;45.070073;N;7.693651;E;3.13;6.540121;-;-;16/06/2025;13:07:36;0;-;-;-
2164;619500000;-;2;45.070158;N;7.693693;E;3.14;5.061314;-;-;16/06/2025;13:07:42;0;-;-;-
2173;619500000;-;2;45.070231;N;7.693742;E;3.15;4.309519;-;-;16/06/2025;13:07:51;0;-;-;-
2180;619500000;-;2;45.070278;N;7.693830;E;3.16;5.102420;-;-;16/06/2025;13:07:58;0;-;-;-
2186;619500000;-;2;45.070291;N;7.693947;E;3.17;6.491065;-;-;16/06/2025;13:08:04;0;-;-;-
2193;619500000;-;2;45.070375;N;7.693957;E;3.18;3.896744;-;-;16/06/2025;13:08:11;0;-;-;-
2212;619500000;-;2;45.070464;N;7.693971;E;3.19;5.494345;-;-;16/06/2025;13:08:30;0;-;-;-
2220;619500000;-;2;45.070554;N;7.694022;E;3.20;4.308872;-;-;16/06/2025;13:08:38;0;-;-;-
2231;619500000;-;2;45.070640;N;7.694073;E;3.21;4.149477;-;-;16/06/2025;13:08:49;0;-;-;-
2239;619500000;-;2;45.070722;N;7.694026;E;3.22;6.088491;-;-;16/06/2025;13:08:57;0;-;-;-
